{"rs10091503": 0.9750031,
 "rs1026435": 0.9932661,
 "rs10503675": 0.99665356,
 "rs11204100": 0.9926336,
 "rs11681642": 0.9531486,
 "rs11778205": 0.9744317,
 "rs1200130": 0.9953884,
 "rs1200135": 0.9799413,
 "rs1200137": 0.9934906,
 "rs1358714": 0.9956537,
 "rs1537232": 0.9867363,
 "rs1678664": 0.9919194,
 "rs1678674": 0.9930213,
 "rs1678690": 0.99279684,
 "rs1678729": 0.99077666,
 "rs1738254": 0.9959393,
 "rs17412009": 0.9941436,
 "rs2061907": 0.996123,
 "rs2070703": 0.9879607,
 "rs2072462": 0.98473644,
 "rs2266918": 0.9955924,
 "rs2289273": 0.98467535,
 "rs35678": 0.98906255,
 "rs3737094": 0.98408365,
 "rs3766031": 0.99036855,
 "rs3807154": 0.9934294,
 "rs3823430": 0.97853327,
 "rs4452640": 0.9955312,
 "rs4714192": 0.9955516,
 "rs6458080": 0.99579644,
 "rs751122": 0.97065663,
 "rs874808": 0.9925927,
 "rs919390": 0.93517125,
 "rs9357283": 0.98596096}
