interaction_snp,p_value
"rs1200137|C/C,rs1200130|C/C",0.018860482871986328
rs1678690|G/G,0.02226742509689742
smoke|1,0.014546056299886078
"rs1200130|C/C,rs1358714|A/A",0.0030657986843534387
"rs1200130|C/C,rs17412009|C/C",0.011045033466155336
"rs2070703|C/C,rs1200130|C/C",0.04515570938890023
"rs34996498|A/A,rs1200130|C/C",0.15384892091312313
"rs3766031|C/C,rs1200130|C/C",0.4200920160907612
"rs6458080|T/T,rs1200130|C/C",0.0014769630356689701
"rs1200135|G/G,rs17412009|C/C",0.0771160783156328
"rs1200135|G/G,rs34996498|A/A",0.06874008871431125
"rs1200137|C/C,rs6458080|T/T",0.01747913632774771
"rs159153|T/T,rs1358714|A/A",0.07923526868204167
"rs17412009|C/C,rs1358714|A/A",0.01393554393429058
"rs34996498|A/A,rs1358714|A/A",0.04202475804249598
"rs6458080|T/T,rs159153|T/T",0.1094964342377722
"rs1678690|G/G,rs6458080|T/T",0.010428545708606154
"rs1678690|G/G,sex|1",0.005245973944072859
"rs34996498|A/A,rs17412009|C/C",0.026233885767950226
"rs6458080|T/T,rs17412009|C/C",3.705923419296605e-05
"rs6458080|T/T,rs34996498|A/A",0.05824294690138939
"smoke|1,sex|1",0.019449528307333534
"rs1200137|C/C,rs1200130|C/C,sex|1",0.020023932096742452
"rs159153|T/T,rs1200130|C/C,sex|1",0.09865893936882028
"rs17412009|C/C,rs1200130|C/C,sex|1",0.008883463550096785
"rs34996498|A/A,rs1200130|C/C,sex|1",0.15827121014713497
"rs3766031|C/C,rs1200130|C/C,sex|1",0.24114486262097934
"rs1200137|C/C,rs1200135|G/G,rs1358714|A/A",0.3224246322230421
"rs1200137|C/C,rs1200135|G/G,rs17412009|C/C",0.03564179203038194
"rs1200137|C/C,rs1200135|G/G,rs34996498|A/A",0.05185877446986129
"rs1200135|G/G,rs17412009|C/C,rs1358714|A/A",0.0737835141193394
"rs1200135|G/G,rs34996498|A/A,rs1358714|A/A",0.0740677046865437
"rs1200137|C/C,rs17412009|C/C,rs1358714|A/A",0.024036500438045477
"rs1200137|C/C,rs34996498|A/A,rs1358714|A/A",0.059148407939953386
"rs1200137|C/C,rs17412009|C/C,sex|1",0.02185352926243806
"rs1200137|C/C,rs34996498|A/A,sex|1",0.11958623545161766
"rs17412009|C/C,rs159153|T/T,sex|1",0.09067174394555386
"rs1678690|G/G,rs6458080|T/T,sex|1",0.003092685191573518
"rs34996498|A/A,rs17412009|C/C,sex|1",0.027933480205552096
"rs6458080|T/T,rs17412009|C/C,sex|1",2.710742336842838e-05
