{"rs10091503": 0.9960618,
 "rs1026435": 0.9906134,
 "rs10503675": 0.93394685,
 "rs11204100": 0.99269485,
 "rs11681642": 0.9958578,
 "rs11778205": 0.9918173,
 "rs1200130": 0.9209892,
 "rs1200135": 0.99565357,
 "rs1200137": 0.98522633,
 "rs1358714": 0.9935314,
 "rs1537232": 0.9944089,
 "rs1678664": 0.9893075,
 "rs1678674": 0.9882871,
 "rs1678690": 0.98830754,
 "rs1678729": 0.95216906,
 "rs1738254": 0.9927356,
 "rs17412009": 0.9751867,
 "rs2061907": 0.985818,
 "rs2070703": 0.9931029,
 "rs2072462": 0.99304175,
 "rs2266918": 0.9964087,
 "rs2289273": 0.8908093,
 "rs35678": 0.99314374,
 "rs3737094": 0.9640248,
 "rs3766031": 0.9957149,
 "rs3807154": 0.9831041,
 "rs3823430": 0.9942048,
 "rs4452640": 0.9852059,
 "rs4714192": 0.99510264,
 "rs6458080": 0.93255943,
 "rs751122": 0.9941845,
 "rs874808": 0.9960414,
 "rs919390": 0.9948171,
 "rs9357283": 0.99559236}
